,Angle,HorizontalRange,MaximumHeight,TimeofFlight
0,0.0,0.0,0.0,0.0
1,0.1,0.8904722998019724,0.00038854223275628324,0.01780947312141131
2,0.2,1.7809337494799875,0.0015541641967606434,0.0356188919920789
3,0.30000000000000004,2.671373499042294,0.0034968516892772963,0.05342820236142428
4,0.4,3.561780698761549,0.006216581039272222,0.0712373499791995
5,0.5,4.452144499307018,0.009713319107701584,0.0890462805956524
6,0.6000000000000001,5.342454051876776,0.013987023287915526,0.10685493996169178
7,0.7000000000000001,6.232698508329886,0.0190376415061773,0.12466327382905273
8,0.8,7.122867021318591,0.0248651122222978,0.14247122795046194
9,0.9,8.012948744420482,0.03146936443038539,0.16027874807980277
10,1.0,8.902932832270656,0.038850317659711094,0.17808577997228073
11,1.1,9.792808440693863,0.04700788197568911,0.19589226938458842
12,1.2000000000000002,10.68256472683664,0.05594195798097257,0.21369816207507103
13,1.3,11.572190849299433,0.0656524368166648,0.23150340380389137
14,1.4000000000000001,12.461675968268688,0.07613920016364567,0.24930794033319545
15,1.5,13.351009245648934,0.0874021202440131,0.26711171742727696
16,1.6,14.240179845194849,0.09944105982264045,0.28491468085274363
17,1.7000000000000002,15.129176932643272,0.1122558722088481,0.3027167763786812
18,1.8,16.017989675845246,0.1258464012581912,0.3205179497768193
19,1.9000000000000001,16.906607244897994,0.14021248137436218,0.33831814682169664
20,2.0,17.79501881227686,0.15535393751120868,0.3561173132908262
21,2.1,18.683213552967267,0.17127058517486582,0.3739153949648599
22,2.2,19.57118064459659,0.18796223042600493,0.3917123376277545
23,2.3000000000000003,20.458909267566053,0.20542866988219607,0.40950808706693603
24,2.4000000000000004,21.346388605182526,0.22366969072038653,0.4273025890734655
25,2.5,22.233607843790345,0.24268507067949407,0.445095789442204
26,2.6,23.1205561729031,0.2624745780631147,0.4628876339719773
27,2.7,24.00722278533528,0.2830379717423461,0.4806780684657414
28,2.8000000000000003,24.893596877334044,0.3043750011587256,0.49846703873074744
29,2.9000000000000004,25.779667648710802,0.32648540632728373,0.5162544905787073
30,3.0,26.66542430297282,0.3493689178397105,0.5340403698259574
31,3.1,27.550856047454804,0.3730252568676404,0.5518246222936254
32,3.2,28.43595209345038,0.3974541351660474,0.5696071938077939
33,3.3000000000000003,29.320701656343516,0.4226552550767586,0.587388030199666
34,3.4000000000000004,30.205093955740036,0.4486283095320815,0.6051670773057308
35,3.5,31.08911821559884,0.4753729820585436,0.6229442809679272
36,3.6,31.972763664363328,0.5028889467807505,0.6407195870338099
37,3.7,32.85601953509254,0.5311758684253556,0.658492941356714
38,3.8000000000000003,33.73887506559246,0.5602334023251452,0.6762642897959198
39,3.9000000000000004,34.62131949854704,0.5900611944232392,0.6940335782168181
40,4.0,35.50334208164934,0.6206588812774032,0.7118007524910744
41,4.1000000000000005,36.384932067732564,0.65202609006448,0.7295657584967952
42,4.2,37.26607871490092,0.6841624385849283,0.7473285421186906
43,4.3,38.146771286660595,0.7170675352674838,0.7650890492482417
44,4.4,39.02699905205053,0.7507409791739275,0.7828472257838638
45,4.5,39.906751285773176,0.7851823600039715,0.8006030176310708
46,4.6000000000000005,40.786017268325224,0.8203912581002601,0.8183563707026421
47,4.7,41.66478628612813,0.856367244453481,0.8361072309187849
48,4.800000000000001,42.543047631658744,0.893109880707594,0.8538555442073009
49,4.9,43.42079060357973,0.930618719165171,0.8716012565037495
50,5.0,44.29800450686998,0.9688933027928534,0.8893443137516139
51,5.1000000000000005,45.17467865295493,1.007933165226918,0.9070846619024645
52,5.2,46.05080235983672,1.0477378307789604,0.9248222469161239
53,5.300000000000001,46.92636495222453,1.0883068144416939,0.9425570147608324
54,5.4,47.80135576166443,1.1296396218948543,0.9602889114134113
55,5.5,48.675764126669584,1.1717357495112273,0.9780178828594284
56,5.6000000000000005,49.549579392849985,1.2145946843627822,0.9957438750933618
57,5.7,50.42279091304239,1.2582159042269236,1.0134668341187654
58,5.800000000000001,51.29538804743997,1.3025988775928532,1.031186705948432
59,5.9,52.16736016372202,1.3477430636680467,1.048903436604559
60,6.0,53.0386966371835,1.3936479123848442,1.066616972118913
61,6.1000000000000005,53.90938685086445,1.4403128644071503,1.084327258532992
62,6.2,54.77942019567938,1.4877373511372511,1.1020342418981923
63,6.300000000000001,55.648786070546564,1.5359207947227427,1.1197378682759722
64,6.4,56.517473882517166,1.5848626080635695,1.137438083738015
65,6.5,57.38547304690434,1.6345621948191817,1.155134834366395
66,6.6000000000000005,58.252772987412165,1.685018949415799,1.1728280662537407
67,6.7,59.119363136264624,1.7362322570537905,1.1905177255033996
68,6.800000000000001,59.985232934334185,1.7882014937151638,1.2082037582296017
69,6.9,60.85037183127063,1.8409260261711697,1.2258861105576233
70,7.0,61.71476928562952,1.8944052119900205,1.2435647286239537
71,7.1000000000000005,62.57841476500066,1.9486383995447143,1.2612395585764562
72,7.2,63.44129774613642,2.003624928020975,1.2789105465745332
73,7.300000000000001,64.30340771508001,2.0593641274253054,1.2965776387892907
74,7.4,65.16473416729349,2.11585531859315,1.3142407814037016
75,7.5,66.0252666077859,2.1730978131971748,1.331899920612771
76,7.6000000000000005,66.884994551241,2.2310909137556467,1.3495550026236982
77,7.7,67.74390752214511,2.2898339136409365,1.3672059736560416
78,7.800000000000001,68.60199505491474,2.3493260970881282,1.3848527799418815
79,7.9,69.45924669402406,2.4095667392037403,1.4024953677259862
80,8.0,70.31565199413244,2.470555105974562,1.4201336832659737
81,8.1,71.17120052021153,2.5322904542765885,1.4377676728324758
82,8.200000000000001,72.02588184767257,2.594772031884087,1.4553972827093027
83,8.3,72.87968556249325,2.657999077478747,1.473022459193604
84,8.4,73.7326012613448,2.721970820658975,1.4906431485960367
85,8.5,74.58461855171856,2.786686481949268,1.5082592972409248
86,8.6,75.43572705205271,2.852145272809714,1.5258708514664236
87,8.700000000000001,76.28591639185885,2.9183463956456084,1.543477757624686
88,8.8,77.13517621184809,2.985289043817156,1.561079962082021
89,8.9,77.98349616405757,3.052972401649317,1.578677411219062
90,9.0,78.83086591197637,3.1213956444417366,1.5962700514309272
91,9.1,79.67727513067157,3.190557938478792,1.6138578291273828
92,9.200000000000001,80.5227135069139,3.260458441039761,1.6314406907330088
93,9.3,81.36717073930356,3.3310963004090746,1.6490185826873582
94,9.4,82.21063653839568,3.402470655886712,1.666591451445125
95,9.5,83.05310062682567,3.474580637798672,1.6841592434763024
96,9.600000000000001,83.89455273943449,3.547425367507586,1.7017219052663497
97,9.700000000000001,84.73498262339369,3.6210039574234063,1.7192793833163527
98,9.8,85.57438003833036,3.69531551101424,1.7368316241431894
99,9.9,86.4127347564519,3.770359122817252,1.7543785742796891
100,10.0,87.25003656267059,3.846133878449719,1.7719201802747993
101,10.100000000000001,88.08627525472824,3.9226388546201583,1.7894563886937462
102,10.200000000000001,88.9214406433202,3.9998731191395733,1.806987146118197
103,10.3,89.75552255221986,4.077835730932828,1.8245123991464247
104,10.4,90.5885108184023,4.156525740050098,1.8420320943934692
105,10.5,91.42039529216844,4.235942187678461,1.8595461784913008
106,10.600000000000001,92.25116583726845,4.316084106153558,1.877054598088981
107,10.700000000000001,93.08081233102543,4.396950518971411,1.8945572998528288
108,10.8,93.90932466445865,4.478540440800292,1.9120542304665775
109,10.9,94.73669274240685,4.56085287749276,1.929545336631544
110,11.0,95.562906483651,4.643886826097742,1.9470305650667836
111,11.100000000000001,96.38795582103754,4.727641274872783,1.9645098625092594
112,11.200000000000001,97.21183070160053,4.8121152032963534,1.9819831757139992
113,11.3,98.0345210866846,4.897307582080299,1.9994504514542621
114,11.4,98.8560169520671,4.983217373182366,2.0169116365216957
115,11.5,99.67630828808002,5.069843529818855,2.0343666777265015
116,11.600000000000001,100.49538509973243,5.1571849964773975,2.051815521897599
117,11.700000000000001,101.31323740683177,5.2452407089297735,2.0692581158827803
118,11.8,102.12985524410585,5.3340095942449235,2.086694406548881
119,11.9,102.94522866132397,5.423490570801991,2.1041243407819348
120,12.0,103.7593477234184,5.513682548303512,2.1215478654873396
121,12.100000000000001,104.5722025106053,5.604584427788711,2.138964927590018
122,12.200000000000001,105.38378311850555,5.696195101646867,2.156375474034578
123,12.3,106.1940796582656,5.788513453630833,2.1737794517854754
124,12.4,107.00308225667781,5.88153835887062,2.1911768078271754
125,12.5,107.81078105630088,5.975268683887118,2.208567489164315
126,12.600000000000001,108.61716621557976,6.069703286605899,2.225951442821863
127,12.700000000000001,109.4222279089658,6.164841016371123,2.243328615845281
128,12.8,110.22595632703629,6.260680713959578,2.260698955300686
129,12.9,111.02834167661415,6.357221211594802,2.278062408275014
130,13.0,111.82937418088707,6.454461332961288,2.2954189218761734
131,13.100000000000001,112.62904407952684,6.55239989321885,2.3127684432332147
132,13.200000000000001,113.42734162880801,6.651035699017035,2.330110919496487
133,13.3,114.22425710172698,6.750367548509684,2.3474462978378003
134,13.4,115.01978078812009,6.850394231369548,2.364774525450585
135,13.5,115.81390299478234,6.951114528803069,2.382095549550055
136,13.600000000000001,116.60661404558525,7.0525272135652095,2.3994093173733675
137,13.700000000000001,117.3979042815948,7.1546310499744035,2.416715776179782
138,13.8,118.1877640611892,7.2574247939276315,2.434014873250825
139,13.9,118.97618376017631,7.360907192915562,2.451306555890446
140,14.0,119.76315377191091,7.465076986037824,2.468590771425181
141,14.100000000000001,120.54866450741173,7.569932904018353,2.4858674672043115
142,14.200000000000001,121.33270639547837,7.675473669220886,2.5031365906000262
143,14.3,122.11526988280784,7.781697995664506,2.5203980890075806
144,14.4,122.89634543411104,7.888604589039311,2.5376519098454566
145,14.5,123.67592353222884,7.996192146722208,2.5548980005555246
146,14.600000000000001,124.45399467824812,8.10445935779275,2.5721363086032003
147,14.700000000000001,125.23054939161756,8.213404903049145,2.5893667814776085
148,14.8,126.00557821026297,8.323027455024294,2.6065893666917397
149,14.9,126.77907169070289,8.433325678002015,2.6238040117826147
150,15.0,127.55102040816324,8.544298228033249,2.6410106643114357
151,15.100000000000001,128.32141495669262,8.655943752952508,2.658209271863759
152,15.200000000000001,129.09024594927646,8.768260892394295,2.67539978204964
153,15.3,129.85750401795184,8.881248277809712,2.6925821425038046
154,15.4,130.62317981392133,8.99490453248314,2.7097563008858043
155,15.5,131.3872640076669,9.10922827154896,2.726922204880172
156,15.600000000000001,132.14974728906384,9.224218102008509,2.7440798021965893
157,15.700000000000001,132.91062036749395,9.339872622746974,2.761229040570037
158,15.8,133.66987397195896,9.456190424550535,2.7783698677609627
159,15.9,134.42749885119326,9.573170090123474,2.795502231555433
160,16.0,135.18348577377677,9.690810194105484,2.8126260797652973
161,16.1,135.93782552824743,9.809109303089032,2.8297413602283448
162,16.2,136.6905089232134,9.92806597563679,2.846848020808461
163,16.3,137.44152678746505,10.047678762299265,2.863946009395794
164,16.400000000000002,138.19086997008668,10.167946205632383,2.8810352739069027
165,16.5,138.93852934056812,10.288866840215306,2.8981157622849247
166,16.6,139.68449578891588,10.41043919266826,2.9151874224997303
167,16.7,140.42876022576417,10.532661781670496,2.9322502025480808
168,16.8,141.1713135824857,10.65553311797835,2.9493040504537915
169,16.900000000000002,141.91214681130225,10.77905170444335,2.9663489142678823
170,17.0,142.6512508853946,10.903216036030505,2.983384742068742
171,17.1,143.3886167990129,11.02802459983662,3.0004114819622854
172,17.2,144.12423556758617,11.153475875108724,3.0174290820821086
173,17.3,144.85809822783193,11.279568333262633,3.0344374905896525
174,17.400000000000002,145.59019583786522,11.406300437901528,3.0514366556743537
175,17.5,146.32051947730764,11.533670644834707,3.0684265255538072
176,17.6,147.04906024739623,11.661677402096396,3.0854070484739236
177,17.7,147.77580927109153,11.790319149964652,3.1023781727090842
178,17.8,148.50075769318607,11.919594320980378,3.1193398465623026
179,17.900000000000002,149.2238966804121,12.049501339966413,3.136292018365378
180,18.0,149.94521742154927,12.180038624046716,3.1532346364790547
181,18.1,150.66471112753197,12.31120458266569,3.170167649293181
182,18.2,151.38236903155646,12.442997617607519,3.1870910052268626
183,18.3,152.09818238918768,12.575416123015652,3.2040046527286212
184,18.400000000000002,152.8121424784658,12.708458485412406,3.220908540276556
185,18.5,153.5242406000123,12.842123083718569,3.237802616378491
186,18.6,154.23446807713643,12.976408289273197,3.2546868295721425
187,18.7,154.94281625594047,13.111312465853434,3.271561128425268
188,18.8,155.6492765054254,13.246833969694466,3.2884254615358266
189,18.900000000000002,156.35384021759603,13.382971149509542,3.3052797775321365
190,19.0,157.05649880756584,13.519722346510077,3.322124025073027
191,19.1,157.75724371366178,13.657085894425897,3.338958152847999
192,19.200000000000003,158.45606639752816,13.79506011952552,3.355782109577379
193,19.3,159.15295834423117,13.933643340636563,3.3725958440124804
194,19.400000000000002,159.84791106236236,14.072833869166194,3.3893993049357483
195,19.5,160.5409160841422,14.212630009121755,3.4061924411609277
196,19.6,161.2319649655232,14.353030057131406,3.4229752015332147
197,19.700000000000003,161.92104928629277,14.494032302464861,3.439747534929409
198,19.8,162.60816065017593,14.635635027054262,3.4565093902580757
199,19.900000000000002,163.29329068493763,14.777836505515092,3.4732607164596954
200,20.0,163.97643104248448,14.920635005167211,3.490001462506823
201,20.1,164.65757339896695,15.064028786055983,3.5067315774042456
202,20.200000000000003,165.33670945488035,15.208016100973428,3.5234510101891297
203,20.3,166.01383093516608,15.35259519547954,3.540159709931182
204,20.400000000000002,166.6889295893126,15.497764307923697,3.556857625732808
205,20.5,167.36199719145588,15.643521669466061,3.5735447067292583
206,20.6,168.0330255404797,15.78986550409921,3.590220902088794
207,20.700000000000003,168.70200646011526,15.936794028669674,3.606886161012828
208,20.8,169.3689317990412,16.084305452899756,3.6235404327360925
209,20.900000000000002,170.03379343098277,16.2323979794093,3.6401836665267875
210,21.0,170.69658325481075,16.381069803737613,3.6568158116867373
211,21.1,171.35729319464033,16.53031911436543,3.673436817551543
212,21.200000000000003,172.01591519992942,16.680144092737002,3.6900466334907374
213,21.3,172.6724412455767,16.83054291328225,3.706645208907942
214,21.400000000000002,173.3268633320195,16.98151374343901,3.7232324932410172
215,21.5,173.97917348533122,17.13305474367535,3.7398084359622166
216,21.6,174.62936375731852,17.285164067512017,3.756372986578346
217,21.700000000000003,175.27742622561811,17.43783986154491,3.7729260946309116
218,21.8,175.9233529937933,17.591080265467635,3.7894677096962734
219,21.900000000000002,176.5671361914303,17.744883412094246,3.805997781385805
220,22.0,177.20876797423398,17.89924742738194,3.822516259346041
221,22.1,177.8482405241236,18.054170430453908,3.8390230932588327
222,22.200000000000003,178.4855460493279,18.209650533622234,3.855518232841501
223,22.3,179.1206767844802,18.36568584241094,3.8720016278469904
224,22.400000000000002,179.7536249907129,18.522274455579023,3.8884732280640213
225,22.5,180.38438295575193,18.67941446514365,3.904932983317242
226,22.6,181.01294299401044,18.837103956403396,3.9213808434673845
227,22.700000000000003,181.63929744668278,18.995341007961585,3.9378167584114143
228,22.8,182.2634386818376,19.154123691749657,3.9542406780826838
229,22.900000000000002,182.88535909451093,19.313450073050735,3.9706525524510847
230,23.0,183.50505110679873,19.47331821052313,3.987052331523201
231,23.1,184.12250716794952,19.633726156224057,4.003439965342464
232,23.200000000000003,184.737719754456,19.794671955633305,4.019815403989297
233,23.3,185.35068137014693,19.956153647677105,4.036178597581275
234,23.400000000000002,185.96138454627845,20.118169264752,4.052529496273272
235,23.5,186.5698218416251,20.280716832748816,4.068868050257614
236,23.6,187.1759858425705,20.443794371076756,4.085194209764234
237,23.700000000000003,187.77986916319753,20.60739989268745,4.101507925060817
238,23.8,188.38146444537847,20.77153140409927,4.117809146452959
239,23.900000000000002,188.98076435886486,20.936186905421547,4.134097824284312
240,24.0,189.57776160137604,21.10136439037893,4.150373908936736
241,24.1,190.1724488986893,21.267061846335938,4.166637350830458
242,24.200000000000003,190.76481900472749,21.433277254321332,4.182888100424212
243,24.3,191.35486470164784,21.600008589052816,4.1991261082153954
244,24.400000000000002,191.94257879992972,21.76725381896171,4.215351324740222
245,24.5,192.52795413846223,21.935010906217645,4.231563700573868
246,24.6,193.11098358463175,22.103277806753482,4.247763186330625
247,24.700000000000003,193.6916600344084,22.27205247029012,4.263949732664049
248,24.8,194.2699764124328,22.44133284036155,4.280123290267113
249,24.900000000000002,194.84592567210257,22.611116854339887,4.296283809872357
250,25.0,195.41950079565765,22.781402443460504,4.312431242252035
251,25.1,195.99069479426615,22.952187532847226,4.328565538218267
252,25.200000000000003,196.55950070810948,23.123470041537654,4.344686648623191
253,25.3,197.1259116064671,23.295247882508445,4.360794524359107
254,25.400000000000002,197.6899205878009,23.46751896270084,4.376889116358631
255,25.5,198.25152077983947,23.64028118304607,4.392970375594847
256,25.6,198.81070533966175,23.813532438491034,4.409038253081452
257,25.700000000000003,199.3674674537803,23.98727061802385,4.425092699872902
258,25.8,199.92180033822444,24.161493604699597,4.441133667064566
259,25.900000000000002,200.4736972386229,24.33619927566619,4.4571611057928795
260,26.0,201.02315143028622,24.511385502190155,4.473174967235483
261,26.1,201.57015621828836,24.687050149682616,4.489175202611379
262,26.200000000000003,202.11470493754862,24.86319107772528,4.505161763181073
263,26.3,202.65679095291276,25.03980614009651,4.521134600246731
264,26.400000000000002,203.19640765923373,25.21689318479752,4.537093665152321
265,26.5,203.73354848145223,25.394450054078547,4.553038909283763
266,26.6,204.26820687467688,25.57247458446519,4.568970284069079
267,26.700000000000003,204.8003763242639,25.75096460678471,4.5848877409785365
268,26.8,205.33005034589647,25.929917946192518,4.600791231524804
269,26.900000000000002,205.85722248566375,26.109332422198637,4.616680707263089
270,27.0,206.38188632013964,26.289205848694305,4.6325561197912934
271,27.1,206.90403545646086,26.469536033978606,4.6484174207501585
272,27.200000000000003,207.423663532405,26.650320780785123,4.66426456182341
273,27.3,207.9407642164679,26.831557886308747,4.6800974947379075
274,27.400000000000002,208.45533120794093,27.01324514223257,4.695916171263792
275,27.5,208.96735823698768,27.19538033475471,4.711720543214631
276,27.6,209.47683906472042,27.37796124461532,4.727510562447568
277,27.700000000000003,209.98376748327598,27.560985647123648,4.743286180863466
278,27.8,210.48813731589158,27.74445131218507,4.7590473504070525
279,27.900000000000002,210.98994241698006,27.928356004328414,4.774794023067075
280,28.0,211.4891766722045,28.112697482732987,4.7905261508764365
281,28.1,211.98583399855312,28.297473501256068,4.806243685912347
282,28.200000000000003,212.4799083444131,28.482681808460196,4.821946580296469
283,28.3,212.97139368964451,28.668320147640596,4.837634786195064
284,28.400000000000002,213.4602840456535,28.85438625685266,4.853308255819135
285,28.5,213.94657345546526,29.040877868939596,4.868966941424575
286,28.6,214.430255993797,29.22779271155996,4.884610795312314
287,28.700000000000003,214.91132576712945,29.415128507215368,4.900239769828458
288,28.8,215.38977691377931,29.60288297327828,4.915853817364441
289,28.900000000000002,215.86560360397038,29.79105382201977,4.931452890357167
290,29.0,216.33880003990458,29.97963876063744,4.947036941289153
291,29.1,216.80936045583263,30.168635491283318,4.962605922688678
292,29.200000000000003,217.27727911812443,30.358041711091893,4.9781597871299255
293,29.3,217.7425503253386,30.547855112208143,4.993698487233125
294,29.400000000000002,218.2051684082925,30.738073381815685,5.009221975664703
295,29.5,218.66512773013065,30.9286942021649,5.024730205137418
296,29.6,219.12242268639397,31.119715250601292,5.040223128410519
297,29.700000000000003,219.57704770508764,31.31113419959367,5.055700698289873
298,29.8,220.02899724674933,31.502948716762507,5.071162867628115
299,29.900000000000002,220.47826580451652,31.695156464908486,5.0866095893248
300,30.0,220.9248479041935,31.887755102040803,5.10204081632653
301,30.1,221.36873810431848,32.080742281405904,5.117456501627116
302,30.200000000000003,221.80993099622935,32.27411565151588,5.132856598267704
303,30.3,222.24842120412993,32.467872856177245,5.1482410593369305
304,30.400000000000002,222.68420338515548,32.66201153451959,5.163609837971058
305,30.5,223.11727222943767,32.85652932102441,5.178962887354123
306,30.6,223.54762246016924,33.05142384555386,5.194300160718074
307,30.700000000000003,223.97524883366847,33.24669273337965,5.209621611342914
308,30.8,224.400146139443,33.44233360521205,5.224927192556852
309,30.900000000000002,224.8223092002531,33.6383440772287,5.24021685773643
310,31.0,225.24173287217522,33.8347217611039,5.255490560306675
311,31.1,225.65841204466423,34.03146426403754,5.2707482537412425
312,31.200000000000003,226.07234164061597,34.228569188784334,5.285989891562553
313,31.3,226.4835166164289,34.42603413368293,5.3012154273419325
314,31.400000000000002,226.89193196206568,34.623856692685315,5.316424814699758
315,31.5,227.2975827011142,34.82203445538604,5.331618007305599
316,31.6,227.70046389084834,35.0205650070516,5.346794958878358
317,31.700000000000003,228.10057062228776,35.21944592864989,5.361955623186406
318,31.8,228.4978980202584,35.41867479687963,5.377099954047731
319,31.900000000000002,228.89244124345112,35.61824918419994,5.392227905330074
320,32.0,229.28419548448136,35.81816665885985,5.407339430951071
321,32.1,229.6731559699473,36.018424784928094,5.422434484878396
322,32.2,230.05931796048822,36.21902112232255,5.437513021129897
323,32.300000000000004,230.44267675084203,36.4199532268402,5.452574993773739
324,32.4,230.8232276699029,36.621218650186684,5.467620356928536
325,32.5,231.20096608077804,36.82281494000641,5.482649064763508
326,32.6,231.57588738084405,37.02473963991217,5.497661071498602
327,32.7,231.9479870018032,37.22699028951523,5.512656331404643
328,32.800000000000004,232.31726040973902,37.42956442445524,5.527634798803468
329,32.9,232.68370310517165,37.63245957643031,5.542596428068068
330,33.0,233.04731062311245,37.835673273227016,5.557541173622725
331,33.1,233.40807853311853,38.039203038750635,5.572468989943154
332,33.2,233.76600243934683,38.243046393055174,5.587379831556635
333,33.300000000000004,234.1210779806074,38.44720085237369,5.602273653042161
334,33.4,234.47330083041692,38.65166392914851,5.6171504090305655
335,33.5,234.8226666970511,38.85643313206161,5.632010054204674
336,33.6,235.16917132359706,39.06150596606486,5.646852543299429
337,33.7,235.51281048800533,39.26687993241048,5.6616778311020335
338,33.800000000000004,235.85358000314108,39.4725525286815,5.67648587245209
339,33.9,236.19147571683538,39.67852124882224,5.691276622241735
340,34.0,236.52649351193554,39.88478358316889,5.706050035415784
341,34.1,236.85862930635548,40.09133701847992,5.720806066971854
342,34.2,237.18787905312533,40.29817903796697,5.735544671960516
343,34.300000000000004,237.51423874044087,40.50530712132529,5.750265805485423
344,34.4,237.83770439171226,40.71271874476451,5.764969422703447
345,34.5,238.15827206561266,40.920411381039514,5.779655478824824
346,34.6,238.4759378561261,41.12838249948104,5.794323929113277
347,34.7,238.7906978925952,41.336629566026666,5.808974728886165
348,34.800000000000004,239.10254833976825,41.54515004325159,5.823607833514609
349,34.9,239.4114853978459,41.75394139039956,5.838223198423634
350,35.0,239.71750530252763,41.96300106341398,5.852820779092307
351,35.1,240.0206043250575,42.17232651496866,5.867400531053862
352,35.2,240.3207787722696,42.381915194499044,5.881962409895849
353,35.300000000000004,240.61802498663292,42.591764548233215,5.896506371260259
354,35.4,240.91233934629616,42.80187201922301,5.911032370843661
355,35.5,241.20371826513178,43.01223504737521,5.925540364397344
356,35.6,241.49215819277967,43.222851069482715,5.940030307727443
357,35.7,241.77765561469022,43.433717519255744,5.954502156695077
358,35.800000000000004,242.0602070521675,43.64483182735316,5.968955867216484
359,35.9,242.33980906241132,43.85619142141374,5.983391395263156
360,36.0,242.61645823855957,44.06779372608754,5.997808696861971
361,36.1,242.89015120972925,44.279636163067245,6.012207728095327
362,36.2,243.1608846410579,44.49171615111961,6.026588445101279
363,36.300000000000004,243.42865523374408,44.70403110611693,6.040950804073669
364,36.4,243.69345972508765,44.91657844106845,6.055294761262259
365,36.5,243.95529488852944,45.129355566151986,6.06962027297287
366,36.6,244.21415753369058,45.342359888745435,6.083927295567508
367,36.7,244.4700445064115,45.555588813458314,6.098215785464501
368,36.800000000000004,244.7229526887902,45.7690397421635,6.112485699138632
369,36.9,244.97287899922017,45.982710074028745,6.126736993121265
370,37.0,245.2198203924283,46.196597205548514,6.140969624000491
371,37.1,245.46377385951155,46.410698530575615,6.15518354842125
372,37.2,245.70473642797404,46.625011440352935,6.169378723085456
373,37.300000000000004,245.94270516176277,46.839533323545346,6.183555104752152
374,37.4,246.1776771613039,47.05426156627137,6.1977126502376185
375,37.5,246.40964956353784,47.269193552135164,6.211851316415517
376,37.6,246.63861954195391,47.48432666225825,6.225971060217016
377,37.7,246.8645843066253,47.69965827531163,6.2400718386309295
378,37.800000000000004,247.0875411042426,47.91518576754752,6.254153608703841
379,37.9,247.30748721814766,48.13090651283145,6.268216327540236
380,38.0,247.52441996836643,48.34681788267424,6.282259952302635
381,38.1,247.73833671164184,48.562917246263964,6.29628444021172
382,38.2,247.94923484146588,48.77920197049809,6.310289748546471
383,38.300000000000004,248.15711178811137,48.995669420015474,6.324275834644287
384,38.400000000000006,248.3619650186633,49.2123169572286,6.3382426559011265
385,38.5,248.5637920370498,49.42914194235555,6.352190169771628
386,38.6,248.76259038407224,49.64614173345234,6.366118333769246
387,38.7,248.95835763743554,49.86331368644499,6.38002710546638
388,38.800000000000004,249.15109141177754,50.08065515516179,6.393916442494495
389,38.900000000000006,249.34078935869795,50.29816349136554,6.407786302544265
390,39.0,249.52744916678714,50.51583604478574,6.421636643365687
391,39.1,249.7110685616543,50.73367016315111,6.435467422768226
392,39.2,249.89164530595508,50.951663192221645,6.449278598620927
393,39.300000000000004,250.06917719941885,51.16981247582103,6.463070128852553
394,39.400000000000006,250.2436620788754,51.388115355869154,6.476841971451711
395,39.5,250.41509781828162,51.606569172414225,6.490594084466978
396,39.6,250.58348232874712,51.825171263665524,6.504326426007038
397,39.7,250.74881355855976,52.0439189660255,6.518038954240793
398,39.800000000000004,250.91108949321068,52.26280961412246,6.531731627397505
399,39.900000000000006,251.07030815541884,52.48184054084292,6.545404403766917
400,40.0,251.22646760515508,52.70100907736412,6.55905724169938
401,40.1,251.37956593966584,52.92031255318669,6.5726900996059845
402,40.2,251.5296012934961,53.139748296166935,6.586302935958678
403,40.300000000000004,251.67657183851261,53.3593136325496,6.5998957092904025
404,40.400000000000006,251.82047578392547,53.579005887000356,6.613468378195214
405,40.5,251.96131137631062,53.798822382638335,6.627020901328405
406,40.6,252.09907689963083,54.018760441069006,6.6405532374066425
407,40.7,252.2337706752566,54.23881738241651,6.6540653452080845
408,40.800000000000004,252.3653910619868,54.458990525356405,6.667557183572504
409,40.900000000000006,252.4939364560686,54.67927718714851,6.681028711401427
410,41.0,252.61940529121688,54.899674683669275,6.694479887658236
411,41.1,252.74179603863357,55.12018032944487,6.707910671368324
412,41.2,252.86110720702595,55.340791437683535,6.72132102161919
413,41.300000000000004,252.9773373426251,55.5615053203085,6.734710897560579
414,41.400000000000006,253.0904850292035,55.78231928799081,6.7480802584046105
415,41.5,253.2005488880923,56.00323065018193,6.761429063425893
416,41.6,253.3075275781982,56.22423671514663,6.774757271961649
417,41.7,253.4114197960195,56.44533478999574,6.788064843411845
418,41.800000000000004,253.5122242756623,56.66652218071903,6.80135173723931
419,41.900000000000006,253.60993978885594,56.88779619221794,6.814617912969864
420,42.0,253.7045651449677,57.109154128338425,6.8278633301924305
421,42.1,253.7960991910174,57.33059329190391,6.841087948559173
422,42.2,253.8845408116916,57.55211098474812,6.854291727785614
423,42.300000000000004,253.96988892935713,57.773704507747816,6.867474627650748
424,42.400000000000006,254.05214250407406,57.99537116085586,6.880636607997177
425,42.5,254.13130053360854,58.21710824313403,6.893777628731225
426,42.6,254.20736205344497,58.438913052786006,6.906897649823069
427,42.7,254.28032613679773,58.66078288719012,6.9199966313068435
428,42.800000000000004,254.35019189462247,58.88271504293249,6.933074533280781
429,42.900000000000006,254.41695847562704,59.10470681583982,6.946131315907325
430,43.0,254.48062506628168,59.326755501012414,6.95916693941325
431,43.1,254.54119089082909,59.54885839285712,6.972181364089786
432,43.2,254.59865521129376,59.771012785120305,6.985174550292741
433,43.300000000000004,254.65301732749114,59.99321597092081,6.998146458442614
434,43.400000000000006,254.70427657703598,60.21546524278294,7.011097049024725
435,43.5,254.75243233535045,60.43775789266939,7.024026282589325
436,43.6,254.79748401567193,60.66009121201447,7.0369341197517326
437,43.7,254.83943106905986,60.88246249175678,7.049820521192433
438,43.800000000000004,254.87827298440263,61.10486902237247,7.062685447657212
439,43.900000000000006,254.91400928842378,61.327308093908194,7.075528859957276
440,44.0,254.94663954568767,61.54977699601394,7.088350718969359
441,44.1,254.976163358605,61.77227301797651,7.10115098563586
442,44.2,255.0025803674373,61.99479344875197,7.113929620964943
443,44.300000000000004,255.02589025030179,62.21733557699914,7.1266865860306705
444,44.400000000000006,255.04609272317487,62.43989669111244,7.139421841973117
445,44.5,255.06318753989572,62.66247407925487,7.152135349998478
446,44.6,255.07717449216943,62.88506502939124,7.164827071379208
447,44.7,255.0880534095694,63.10766682932107,7.177496967454122
448,44.800000000000004,255.09582415953946,63.33027676671162,7.190144999628516
449,44.900000000000006,255.1004866473955,63.55289212913115,7.2027711293742955
450,45.0,255.1020408163265,63.77551020408163,7.215375318230077
451,45.1,255.1004866473955,63.998128279032116,7.227957527801314
452,45.2,255.09582415953946,64.22074364145162,7.240517719760416
453,45.300000000000004,255.0880534095694,64.44335357884222,7.2530558558468625
454,45.400000000000006,255.07717449216943,64.66595537877201,7.26557189786731
455,45.5,255.06318753989572,64.88854632890839,7.2780658076957305
456,45.6,255.04609272317487,65.11112371705086,7.290537547273505
457,45.7,255.02589025030179,65.33368483116412,7.30298707860955
458,45.800000000000004,255.0025803674373,65.5562269594113,7.315414363780437
459,45.900000000000006,254.976163358605,65.77874739018675,7.327819364930498
460,46.0,254.94663954568767,66.0012434121493,7.340202044271949
461,46.1,254.91400928842373,66.22371231425508,7.352562364085003
462,46.2,254.87827298440263,66.44615138579077,7.3649002867179805
463,46.300000000000004,254.83943106905986,66.66855791640648,7.37721577458743
464,46.400000000000006,254.7974840156719,66.89092919614882,7.38950879017824
465,46.5,254.75243233535045,67.11326251549383,7.401779296043749
466,46.6,254.70427657703598,67.33555516538034,7.414027254805877
467,46.7,254.6530173274911,67.55780443724247,7.42625262915521
468,46.800000000000004,254.59865521129376,67.78000762304293,7.438455381851138
469,46.900000000000006,254.54119089082909,68.00216201530615,7.450635475721964
470,47.0,254.48062506628168,68.22426490715085,7.462792873665005
471,47.1,254.41695847562704,68.44631359232343,7.47492753864672
472,47.2,254.35019189462247,68.66830536523078,7.48703943370282
473,47.300000000000004,254.28032613679773,68.89023752097314,7.499128521938366
474,47.400000000000006,254.20736205344497,69.11210735537723,7.5111947665279
475,47.5,254.13130053360854,69.33391216502923,7.523238130715551
476,47.6,254.05214250407406,69.55564924730739,7.5352585778151395
477,47.7,253.96988892935713,69.77731590041545,7.5472560712103025
478,47.800000000000004,253.8845408116916,69.99890942341516,7.559230574354593
479,47.900000000000006,253.7960991910174,70.22042711625934,7.571182050771596
480,48.0,253.7045651449677,70.44186627982482,7.583110464055042
481,48.1,253.60993978885594,70.66322421594535,7.59501577786892
482,48.2,253.5122242756623,70.88449822744423,7.606897955947573
483,48.300000000000004,253.4114197960195,71.10568561816751,7.61875696209583
484,48.400000000000006,253.3075275781982,71.32678369301662,7.6305927601891
485,48.5,253.20054888809236,71.54778975798132,7.642405314173489
486,48.6,253.09048502920348,71.76870112017248,7.654194588065914
487,48.7,252.9773373426251,71.98951508785474,7.665960545954193
488,48.800000000000004,252.86110720702592,72.21022897047975,7.6777031519971874
489,48.900000000000006,252.74179603863357,72.4308400787184,7.689422370424877
490,49.0,252.61940529121688,72.65134572449396,7.70111816553849
491,49.1,252.4939364560686,72.87174322101477,7.712790501710607
492,49.2,252.3653910619868,73.09202988280688,7.724439343385271
493,49.300000000000004,252.2337706752566,73.31220302574677,7.736064655078083
494,49.400000000000006,252.09907689963077,73.53225996709426,7.7476664013763346
495,49.5,251.96131137631062,73.75219802552496,7.759244546939092
496,49.6,251.82047578392547,73.97201452116293,7.770799056497313
497,49.7,251.67657183851256,74.19170677561367,7.782329894853962
498,49.800000000000004,251.52960129349617,74.41127211199631,7.793837026884103
499,49.900000000000006,251.37956593966584,74.63070785497656,7.805320417535018
500,50.0,251.22646760515508,74.85001133079913,7.8167800318263065
501,50.1,251.07030815541884,75.06917986732036,7.828215834849995
502,50.2,250.91108949321068,75.28821079404081,7.8396277917706465
503,50.300000000000004,250.74881355855973,75.50710144213777,7.85101586782546
504,50.400000000000006,250.58348232874707,75.72584914449774,7.86238002832438
505,50.5,250.41509781828162,75.94445123574903,7.873720238650203
506,50.6,250.2436620788754,76.16290505229414,7.885036464258683
507,50.7,250.06917719941885,76.38120793234225,7.896328670678635
508,50.800000000000004,249.89164530595508,76.59935721594164,7.907596823512037
509,50.900000000000006,249.7110685616543,76.81735024501212,7.918840888434142
510,51.0,249.52744916678714,77.03518436337747,7.930060831193578
511,51.1,249.34078935869792,77.25285691679775,7.941256617612459
512,51.2,249.15109141177754,77.47036525300148,7.95242821358647
513,51.300000000000004,248.95835763743554,77.68770672171826,7.963575585084996
514,51.400000000000006,248.76259038407218,77.90487867471094,7.9746986981512125
515,51.5,248.5637920370498,78.1218784658077,7.9857975189021815
516,51.6,248.3619650186633,78.33870345093467,7.996872013528977
517,51.7,248.1571117881113,78.55535098814781,8.007922148296764
518,51.800000000000004,247.94923484146585,78.77181843766517,8.018947889544917
519,51.900000000000006,247.7383367116418,78.98810316189929,8.029949203687115
520,52.0,247.52441996836643,79.20420252548902,8.040926057211449
521,52.1,247.30748721814766,79.42011389533181,8.051878416680518
522,52.2,247.0875411042426,79.63583464061574,8.062806248731533
523,52.300000000000004,246.8645843066253,79.8513621328516,8.073709520076427
524,52.400000000000006,246.63861954195391,80.066693745905,8.084588197501946
525,52.5,246.40964956353784,80.2818268560281,8.095442247869746
526,52.6,246.17767716130396,80.49675884189188,8.10627163811651
527,52.7,245.94270516176277,80.7114870846179,8.117076335254039
528,52.800000000000004,245.70473642797404,80.92600896781029,8.127856306369349
529,52.900000000000006,245.46377385951152,81.14032187758765,8.138611518624781
530,53.0,245.2198203924283,81.35442320261474,8.14934193925809
531,53.1,244.97287899922017,81.5683103341345,8.160047535582555
532,53.2,244.72295268879014,81.78198066599975,8.170728274987075
533,53.300000000000004,244.4700445064115,81.99543159470495,8.181384124936265
534,53.400000000000006,244.21415753369058,82.20866051941785,8.192015052970557
535,53.5,243.95529488852944,82.42166484201125,8.202621026706298
536,53.6,243.69345972508765,82.6344419670948,8.213202013835858
537,53.7,243.42865523374408,82.84698930204632,8.223757982127712
538,53.800000000000004,243.1608846410579,83.05930425704366,8.23428889942655
539,53.900000000000006,242.89015120972925,83.27138424509603,8.244794733653373
540,54.0,242.61645823855957,83.48322668207572,8.255275452805586
541,54.1,242.33980906241138,83.69482898674951,8.265731024957102
542,54.2,242.0602070521675,83.9061885808101,8.276161418258434
543,54.300000000000004,241.77765561469022,84.11730288890753,8.286566600936798
544,54.400000000000006,241.49215819277964,84.32816933868057,8.296946541296201
545,54.5,241.20371826513184,84.53878536078803,8.307301207717542
546,54.6,240.91233934629616,84.74914838894026,8.317630568658716
547,54.7,240.6180249866329,84.95925585993007,8.327934592654696
548,54.800000000000004,240.32077877226953,85.1691052136642,8.338213248317636
549,54.900000000000006,240.0206043250575,85.37869389319461,8.348466504336974
550,55.0,239.71750530252763,85.58801934474926,8.358694329479507
551,55.1,239.4114853978459,85.79707901776368,8.36889669258951
552,55.2,239.10254833976825,86.00587036491167,8.379073562588815
553,55.300000000000004,238.7906978925952,86.2143908421366,8.389224908476912
554,55.400000000000006,238.4759378561261,86.42263790868222,8.39935069933104
555,55.5,238.15827206561266,86.63060902712374,8.409450904306281
556,55.6,237.83770439171232,86.83830166339872,8.419525492635664
557,55.7,237.51423874044087,87.045713286838,8.429574433630243
558,55.800000000000004,237.18787905312533,87.2528413701963,8.439597696679202
559,55.900000000000006,236.85862930635548,87.45968338968335,8.449595251249942
560,56.0,236.52649351193554,87.6662368249944,8.45956706688818
561,56.1,236.19147571683538,87.872499159341,8.469513113218035
562,56.2,235.85358000314108,88.07846787948178,8.479433359942124
563,56.300000000000004,235.51281048800533,88.28414047575279,8.489327776841659
564,56.400000000000006,235.16917132359706,88.4895144420984,8.499196333776524
565,56.5,234.8226666970511,88.69458727610161,8.509039000685387
566,56.6,234.47330083041692,88.89935647901473,8.51885574758578
567,56.7,234.12107798060745,89.10381955578954,8.528646544574185
568,56.800000000000004,233.76600243934678,89.30797401510812,8.53841136182614
569,56.900000000000006,233.40807853311853,89.51181736941263,8.548150169596314
570,57.0,233.04731062311245,89.71534713493621,8.55786293821861
571,57.1,232.68370310517165,89.91856083173293,8.567549638106255
572,57.2,232.31726040973902,90.121455983708,8.577210239751878
573,57.300000000000004,231.9479870018032,90.32403011864803,8.586844713727613
574,57.400000000000006,231.575887380844,90.5262807682511,8.59645303068518
575,57.5,231.20096608077804,90.72820546815683,8.606035161355976
576,57.6,230.8232276699029,90.92980175797656,8.615591076551175
577,57.7,230.44267675084203,91.13106718132308,8.625120747161796
578,57.800000000000004,230.05931796048822,91.33199928584071,8.634624144158817
579,57.900000000000006,229.6731559699473,91.53259562323518,8.644101238593237
580,58.0,229.28419548448136,91.73285374930343,8.653552001596184
581,58.1,228.89244124345112,91.93277122396333,8.662976404378995
582,58.2,228.49789802025836,92.13234561128364,8.672374418233305
583,58.300000000000004,228.10057062228776,92.33157447951339,8.681746014531136
584,58.400000000000006,227.70046389084828,92.53045540111168,8.691091164724977
585,58.5,227.29758270111427,92.7289859527772,8.700409840347879
586,58.6,226.89193196206563,92.92716371547793,8.709702013013544
587,58.7,226.4835166164289,93.12498627448035,8.718967654416403
588,58.800000000000004,226.07234164061597,93.32245121937893,8.7282067363317
589,58.900000000000006,225.65841204466423,93.5195561441257,8.737419230615593
590,59.0,225.24173287217525,93.71629864705935,8.746605109205227
591,59.1,224.8223092002531,93.91267633093456,8.755764344118822
592,59.2,224.400146139443,94.1086868029512,8.764896907455757
593,59.300000000000004,223.97524883366847,94.30432767478358,8.774002771396667
594,59.400000000000006,223.54762246016924,94.49959656260938,8.783081908203506
595,59.5,223.1172722294377,94.69449108713881,8.792134290219648
596,59.6,222.68420338515548,94.88900887364366,8.801159889869973
597,59.7,222.24842120412995,95.08314755198602,8.810158679660935
598,59.800000000000004,221.8099309962293,95.2769047566474,8.819130632180661
599,59.900000000000006,221.3687381043184,95.47027812675738,8.828075720099026
600,60.0,220.9248479041935,95.66326530612244,8.83699391616774
601,60.1,220.47826580451647,95.85586394325477,8.845885193220436
602,60.2,220.02899724674933,96.04807169140076,8.854749524172739
603,60.300000000000004,219.57704770508764,96.2398862085696,8.86358688202236
604,60.400000000000006,219.12242268639397,96.43130515756198,8.872397239849175
605,60.5,218.66512773013068,96.62232620599836,8.881180570815303
606,60.6,218.2051684082925,96.81294702634757,8.889936848165197
607,60.7,217.7425503253386,97.00316529595513,8.89866604522572
608,60.800000000000004,217.27727911812443,97.19297869707135,8.90736813540622
609,60.900000000000006,216.80936045583263,97.38238491687993,8.916043092198624
610,61.0,216.33880003990458,97.57138164752581,8.924690889177507
611,61.1,215.86560360397047,97.75996658614348,8.933311500000181
612,61.2,215.38977691377937,97.948137434885,8.941904898406772
613,61.300000000000004,214.91132576712945,98.13589190094788,8.950471058220293
614,61.400000000000006,214.430255993797,98.32322769660328,8.95900995334674
615,61.5,213.9465734554653,98.51014253922364,8.967521557775155
616,61.6,213.46028404565342,98.6966341513106,8.976005845577719
617,61.7,212.97139368964451,98.88270026052267,8.984462790909815
618,61.800000000000004,212.47990834441308,99.06833859970308,8.992892368010125
619,61.900000000000006,211.9858339985531,99.25354690690718,9.00129455120069
620,62.0,211.4891766722045,99.43832292543024,9.009669314887008
621,62.1,210.98994241698,99.62266440383485,9.018016633558096
622,62.2,210.48813731589158,99.80656909597818,9.02633648178657
623,62.300000000000004,209.98376748327598,99.99003476103964,9.034628834228734
624,62.400000000000006,209.47683906472037,100.17305916354795,9.04289366562464
625,62.5,208.96735823698776,100.35564007340854,9.05113095079818
626,62.6,208.45533120794096,100.53777526593068,9.059340664657155
627,62.7,207.9407642164679,100.71946252185452,9.067522782193356
628,62.800000000000004,207.423663532405,100.90069962737813,9.075677278482626
629,62.900000000000006,206.90403545646086,101.08148437418465,9.083804128684964
630,63.0,206.38188632013964,101.2618145594689,9.091903308044568
631,63.1,205.8572224856638,101.4416879859646,9.099974791889938
632,63.2,205.33005034589647,101.62110246197074,9.108018555633933
633,63.300000000000004,204.80037632426388,101.80005580137855,9.11603457477385
634,63.400000000000006,204.2682068746769,101.97854582369806,9.12402282489151
635,63.5,203.7335484814522,102.1565703540847,9.131983281653316
636,63.6,203.19640765923376,102.33412722336575,9.139915920810335
637,63.7,202.65679095291273,102.51121426806677,9.147820718198373
638,63.800000000000004,202.11470493754857,102.687829330438,9.155697649738046
639,63.900000000000006,201.57015621828833,102.86397025848063,9.163546691434853
640,64.0,201.02315143028622,103.0396349059731,9.171367819379254
641,64.10000000000001,200.47369723862286,103.21482113249708,9.179161009746737
642,64.2,199.92180033822444,103.38952680346367,9.186926238797891
643,64.3,199.36746745378034,103.56374979013941,9.194663482878484
644,64.4,198.81070533966175,103.73748796967223,9.202372718419529
645,64.5,198.25152077983955,103.91073922511715,9.210053921937352
646,64.60000000000001,197.68992058780083,104.08350144546245,9.217707070033683
647,64.7,197.12591160646713,104.2557725256548,9.225332139395697
648,64.8,196.55950070810957,104.42755036662561,9.232929106796117
649,64.9,195.99069479426612,104.59883287531603,9.24049794909326
650,65.0,195.41950079565765,104.76961796470275,9.248038643231121
651,65.10000000000001,194.84592567210257,104.93990355382337,9.255551166239439
652,65.2,194.2699764124328,105.10968756780169,9.26303549523376
653,65.3,193.6916600344084,105.27896793787312,9.270491607415527
654,65.4,193.11098358463173,105.44774260140976,9.277919480072127
655,65.5,192.52795413846218,105.6160095019456,9.285319090576971
656,65.60000000000001,191.9425787999297,105.78376658920155,9.292690416389561
657,65.7,191.35486470164778,105.95101181911043,9.300033435055562
658,65.8,190.76481900472749,106.1177431538419,9.307348124206866
659,65.9,190.17244889868928,106.2839585618273,9.314634461561662
660,66.0,189.57776160137607,106.44965601778429,9.321892424924497
661,66.10000000000001,188.98076435886475,106.61483350274173,9.329121992186364
662,66.2,188.3814644453785,106.77948900406398,9.33632314132474
663,66.3,187.77986916319756,106.94362051547579,9.343495850403682
664,66.4,187.1759858425705,107.10722603708652,9.350640097573873
665,66.5,186.56982184162513,107.27030357541442,9.357755861072693
666,66.60000000000001,185.96138454627842,107.43285114341126,9.364843119224297
667,66.7,185.35068137014693,107.59486676048614,9.371901850439663
668,66.8,184.73771975445604,107.75634845252993,9.378932033216676
669,66.9,184.12250716794952,107.91729425193918,9.385933646140177
670,67.0,183.50505110679882,108.07770219764012,9.392906667882043
671,67.10000000000001,182.88535909451082,108.23757033511255,9.399851077201237
672,67.2,182.26343868183756,108.3968967164136,9.406766852943882
673,67.3,181.63929744668278,108.55567940020168,9.41365397404333
674,67.4,181.0129429940104,108.71391645175984,9.420512419520213
675,67.5,180.38438295575193,108.8716059430196,9.427342168482518
676,67.60000000000001,179.7536249907129,109.02874595258423,9.434143200125643
677,67.7,179.12067678448014,109.18533456575234,9.44091549373247
678,67.8,178.48554604932795,109.34136987454102,9.447659028673415
679,67.9,177.84824052412353,109.49684997770936,9.454373784406503
680,68.0,177.20876797423395,109.65177298078132,9.461059740477422
681,68.10000000000001,176.5671361914302,109.806136996069,9.46771687651959
682,68.2,175.9233529937933,109.95994014269563,9.47434517225422
683,68.3,175.2774262256182,110.11318054661835,9.480944607490368
684,68.4,174.6293637573185,110.26585634065124,9.487515162125014
685,68.5,173.97917348533122,110.41796566448791,9.494056816143107
686,68.60000000000001,173.32686333201949,110.56950666472423,9.500569549617634
687,68.7,172.6724412455767,110.72047749488101,9.507053342709682
688,68.8,172.01591519992945,110.87087631542626,9.513508175668491
689,68.9,171.35729319464036,111.02070129379783,9.51993402883152
690,69.0,170.69658325481078,111.16995060442565,9.526330882624507
691,69.10000000000001,170.03379343098277,111.31862242875394,9.532698717561525
692,69.2,169.36893179904123,111.4667149552635,9.539037514245045
693,69.3,168.70200646011526,111.61422637949359,9.545347253365993
694,69.4,168.03302554047968,111.76115490406403,9.551627915703808
695,69.5,167.3619971914559,111.90749873869719,9.557879482126506
696,69.60000000000001,166.68892958931255,112.05325610023958,9.564101933590731
697,69.7,166.01383093516606,112.1984252126837,9.570295251141811
698,69.8,165.33670945488035,112.34300430718984,9.576459415913835
699,69.9,164.65757339896695,112.48699162210727,9.582594409129683
700,70.0,163.97643104248456,112.63038540299603,9.588700212101104
701,70.10000000000001,163.29329068493752,112.77318390264819,9.594776806228765
702,70.2,162.60816065017596,112.915385381109,9.6008241730023
703,70.3,161.92104928629283,113.05698810569837,9.606842294000385
704,70.4,161.23196496552313,113.19799035103186,9.612831150890782
705,70.5,160.54091608414225,113.33839039904147,9.61879072543039
706,70.60000000000001,159.8479110623623,113.4781865389971,9.624720999465318
707,70.7,159.15295834423117,113.6173770675267,9.630621954930913
708,70.8,158.4560663975282,113.75596028863771,9.636493573851846
709,70.9,157.75724371366175,113.89393451373736,9.64233583834215
710,71.0,157.0564988075659,114.03129806165317,9.648148730605273
711,71.10000000000001,156.353840217596,114.1680492586537,9.653932232934133
712,71.2,155.64927650542543,114.30418643846878,9.659686327711187
713,71.3,154.94281625594044,114.43970794230984,9.665410997408458
714,71.4,154.23446807713637,114.57461211889009,9.67110622458761
715,71.5,153.52424060001226,114.70889732444468,9.676771991899992
716,71.60000000000001,152.8121424784657,114.84256192275087,9.6824082820867
717,71.7,152.09818238918766,114.97560428514763,9.68801507797861
718,71.8,151.38236903155652,115.10802279055571,9.693592362496453
719,71.9,150.66471112753194,115.23981582549754,9.699140118650853
720,72.0,149.9452174215493,115.37098178411652,9.704658329542381
721,72.10000000000001,149.22389668041205,115.50151906819684,9.710146978361614
722,72.2,148.5007576931861,115.63142608718287,9.71560604838917
723,72.3,147.7758092710916,115.76070125819857,9.721035522995775
724,72.4,147.04906024739623,115.88934300606687,9.726435385642315
725,72.5,146.32051947730776,116.01734976332851,9.731805619879864
726,72.60000000000001,145.59019583786514,116.14471997026175,9.737146209349765
727,72.7,144.85809822783202,116.27145207490062,9.742457137783646
728,72.8,144.1242355675862,116.39754453305453,9.747738389003505
729,72.9,143.38861679901285,116.52299580832661,9.752989946921735
730,73.0,142.6512508853946,116.64780437213273,9.758211795541177
731,73.10000000000001,141.91214681130216,116.77196870371992,9.763403918955177
732,73.2,141.1713135824857,116.8954872901849,9.768566301347624
733,73.3,140.42876022576422,117.01835862649276,9.773698926993008
734,73.4,139.68449578891588,117.14058121549499,9.778801780256462
735,73.5,138.93852934056807,117.26215356794795,9.783874845593806
736,73.60000000000001,138.1908699700866,117.38307420253089,9.788918107551607
737,73.7,137.441526787465,117.50334164586401,9.793931550767212
738,73.8,136.6905089232134,117.62295443252644,9.798915159968805
739,73.9,135.9378255282474,117.74191110507425,9.80386891997545
740,74.0,135.18348577377677,117.86021021405779,9.808792815697132
741,74.10000000000001,134.4274988511932,117.9778503180398,9.81368683213481
742,74.2,133.66987397195896,118.09482998361273,9.818550954380463
743,74.3,132.910620367494,118.21114778541627,9.823385167617129
744,74.4,132.1497472890638,118.32680230615475,9.82818945711896
745,74.5,131.38726400766691,118.4417921366143,9.832963808251254
746,74.60000000000001,130.6231798139213,118.55611587568012,9.837708206470511
747,74.7,129.8575040179519,118.66977213035355,9.84242263732447
748,74.8,129.09024594927646,118.78275951576896,9.847107086452157
749,74.9,128.32141495669262,118.89507665521073,9.851761539583928
750,75.0,127.55102040816324,119.00672218013,9.856385982541513
751,75.10000000000001,126.77907169070282,119.11769473016125,9.860980401238054
752,75.2,126.00557821026297,119.22799295313895,9.865544781678157
753,75.3,125.23054939161759,119.3376155051141,9.870079109957926
754,75.4,124.45399467824811,119.4465610503705,9.874583372265011
755,75.5,123.67592353222886,119.55482826144103,9.87905755487865
756,75.60000000000001,122.89634543411101,119.66241581912394,9.883501644169705
757,75.7,122.11526988280777,119.76932241249878,9.88791562660071
758,75.8,121.33270639547844,119.87554673894236,9.892299488725905
759,75.9,120.54866450741166,119.98108750414492,9.896653217191293
760,76.0,119.76315377191098,120.08594342212542,9.900976798734657
761,76.10000000000001,118.97618376017624,120.1901132152477,9.90527022018562
762,76.2,118.18776406118917,120.29359561423561,9.909533468465673
763,76.3,117.39790428159493,120.39638935818887,9.913766530588227
764,76.4,116.6066140455852,120.49849319459804,9.917969393658634
765,76.5,115.81390299478237,120.59990587936016,9.92214204487425
766,76.60000000000001,115.01978078812006,120.7006261767937,9.926284471524454
767,76.7,114.22425710172698,120.80065285965355,9.930396660990695
768,76.80000000000001,113.427341628808,120.89998470914621,9.934478600746532
769,76.9,112.62904407952685,120.99862051494438,9.938530278357668
770,77.0,111.82937418088706,121.09655907520198,9.942551681481993
771,77.10000000000001,111.02834167661416,121.19379919656845,9.946542797869608
772,77.2,110.22595632703624,121.29033969420368,9.950503615362889
773,77.30000000000001,109.4222279089658,121.38617939179214,9.954434121896496
774,77.4,108.61716621557972,121.48131712155738,9.958334305497422
775,77.5,107.81078105630088,121.57575172427613,9.962204154285033
776,77.60000000000001,107.00308225667779,121.66948204929263,9.9660436564711
777,77.7,106.1940796582656,121.76250695453244,9.969852800359833
778,77.80000000000001,105.3837831185054,121.8548253065164,9.973631574347918
779,77.9,104.5722025106053,121.94643598037452,9.97737996692455
780,78.0,103.75934772341847,122.0373378598597,9.981097966671484
781,78.10000000000001,102.9452286613239,122.12752983736127,9.984785562263044
782,78.2,102.12985524410591,122.21701081391831,9.988442742466171
783,78.30000000000001,101.31323740683169,122.30577969923348,9.992069496140466
784,78.4,100.49538509973237,122.39383541168586,9.995665812238204
785,78.5,99.67630828808014,122.48117687834441,9.999231679804383
786,78.60000000000001,98.85601695206702,122.56780303498088,10.002767087976753
787,78.7,98.0345210866846,122.65371282608298,10.006272025985847
788,78.80000000000001,97.21183070160048,122.7389052048669,10.009746483155016
789,78.9,96.38795582103752,122.82337913329047,10.01319044890046
790,79.0,95.56290648365108,122.90713358206553,10.016603912731265
791,79.10000000000001,94.73669274240683,122.99016753067049,10.019986864249423
792,79.2,93.90932466445861,123.07247996736297,10.023339293149883
793,79.30000000000001,93.08081233102541,123.15406988919183,10.026661189220562
794,79.4,92.25116583726837,123.23493630200971,10.02995254234239
795,79.5,91.42039529216842,123.31507822048484,10.033213342489333
796,79.60000000000001,90.58851081840224,123.39449466811318,10.036443579728427
797,79.7,89.75552255221984,123.47318467723042,10.039643244219812
798,79.80000000000001,88.92144064332014,123.5511472890237,10.042812326216755
799,79.9,88.0862752547282,123.62838155354311,10.045950816065679
800,80.0,87.25003656267063,123.70488652971353,10.049058704206203
801,80.10000000000001,86.41273475645185,123.78066128534604,10.052135981171162
802,80.2,85.57438003833039,123.85570489714901,10.055182637586633
803,80.30000000000001,84.73498262339358,123.93001645073987,10.058198664171975
804,80.4,83.89455273943453,124.00359504065567,10.061184051739845
805,80.5,83.05310062682577,124.07643977036456,10.064138791196237
806,80.60000000000001,82.2106365383956,124.14854975227657,10.067062873540504
807,80.7,81.36717073930365,124.21992410775415,10.06995628986538
808,80.80000000000001,80.5227135069138,124.29056196712348,10.072819031357017
809,80.9,79.67727513067153,124.36046246968444,10.075651089295013
810,81.0,78.83086591197639,124.42962476372153,10.078452455052426
811,81.10000000000001,77.98349616405753,124.49804800651395,10.081223120095807
812,81.2,77.13517621184799,124.56573136434612,10.083963075985233
813,81.30000000000001,76.2859163918588,124.63267401251767,10.086672314374322
814,81.4,75.43572705205264,124.69887513535353,10.089350827010263
815,81.5,74.58461855171863,124.764333926214,10.091998605733844
816,81.60000000000001,73.7326012613447,124.8290495875043,10.094615642479473
817,81.7,72.87968556249322,124.8930213306845,10.097201929275197
818,81.80000000000001,72.02588184767247,124.95624837627919,10.099757458242745
819,81.9,71.17120052021161,125.01872995388663,10.102282221597525
820,82.0,70.31565199413257,125.08046530218868,10.104776211648677
821,82.10000000000001,69.45924669402403,125.14145366895951,10.107239420799068
822,82.2,68.60199505491474,125.20169431107514,10.109671841545342
823,82.30000000000001,67.74390752214494,125.26118649452235,10.112073466477922
824,82.4,66.8849945512409,125.31992949440763,10.114444288281039
825,82.5,66.02526660778597,125.37792259496608,10.116784299732759
826,82.60000000000001,65.1647341672935,125.43516508957009,10.119093493705003
827,82.7,64.30340771508007,125.49165628073797,10.121371863163567
828,82.80000000000001,63.441297746136314,125.54739548014227,10.12361940116814
829,82.9,62.5784147650006,125.60238200861853,10.125836100872334
830,83.0,61.71476928562952,125.65661519617325,10.128021955523694
831,83.10000000000001,60.85037183127058,125.71009438199209,10.130176958463728
832,83.2,59.985232934334185,125.7628189144481,10.132301103127928
833,83.30000000000001,59.11936313626457,125.8147881511095,10.134394383045777
834,83.4,58.25277298741206,125.86600145874745,10.136456791840779
835,83.5,57.38547304690427,125.91645821334407,10.138488323230483
836,83.60000000000001,56.517473882517166,125.96615780009967,10.140488971026492
837,83.7,55.64878607054662,126.01509961344051,10.142458729134486
838,83.80000000000001,54.779420195679265,126.06328305702598,10.144397591554238
839,83.9,53.90938685086439,126.11070754375612,10.146305552379639
840,84.0,53.0386966371835,126.15737249577842,10.148182605798707
841,84.10000000000001,52.167360163722066,126.2032773444952,10.150028746093614
842,84.2,51.29538804744006,126.24842153057038,10.151843967640694
843,84.30000000000001,50.42279091304231,126.29280450393635,10.153628264910472
844,84.4,49.54957939284998,126.33642572380046,10.155381632467664
845,84.5,48.675764126669634,126.37928465865201,10.157104064971211
846,84.60000000000001,47.80135576166432,126.4213807862684,10.158795557174285
847,84.7,46.92636495222457,126.46271359372153,10.160456103924306
848,84.80000000000001,46.05080235983671,126.5032825773843,10.162085700162962
849,84.9,45.17467865295496,126.54308724293634,10.163684340926219
850,85.0,44.298004506869965,126.58212710537042,10.165252021344342
851,85.10000000000001,43.420790603579654,126.62040168899809,10.166788736641902
852,85.2,42.543047631658716,126.65791052745566,10.1682944821378
853,85.30000000000001,41.66478628612804,126.69465316370979,10.16976925324527
854,85.4,40.786017268325196,126.73062915006298,10.171213045471909
855,85.5,39.906751285773204,126.7658380481593,10.172625854419673
856,85.60000000000001,39.026999052050385,126.80027942898933,10.1740076757849
857,85.7,38.1467712866605,126.83395287289578,10.175358505358323
858,85.80000000000001,37.266078714900885,126.86685796957833,10.17667833902508
859,85.9,36.384932067732585,126.89899431809876,10.177967172764733
860,86.0,35.50334208164942,126.93036152688583,10.179225002651267
861,86.10000000000001,34.621319498546946,126.96095921374003,10.180451824853115
862,86.2,33.738875065592424,126.9907870058381,10.181647635633162
863,86.30000000000001,32.85601953509257,127.01984453973792,10.182812431348765
864,86.4,31.9727636643634,127.04813146138248,10.183946208451749
865,86.5,31.08911821559886,127.07564742610471,10.185048963488438
866,86.60000000000001,30.205093955739997,127.10239209863117,10.186120693099644
867,86.7,29.320701656343534,127.1283651530865,10.187161394020697
868,86.80000000000001,28.43595209345022,127.1535662729972,10.188171063081437
869,86.9,27.55085604745482,127.17799515129562,10.189149697206242
870,87.0,26.665424302972887,127.20165149032356,10.190097293414018
871,87.10000000000001,25.779667648710813,127.22453500183599,10.191013848818226
872,87.2,24.893596877334,127.24664540700454,10.191899360626877
873,87.30000000000001,24.00722278533518,127.26798243642092,10.192753826142551
874,87.4,23.120556172903047,127.28854583010016,10.193577242762395
875,87.5,22.233607843790466,127.30833533748375,10.19436960797814
876,87.60000000000001,21.34638860518247,127.32735071744288,10.195130919376105
877,87.7,20.458909267566053,127.34559173828106,10.195861174637203
878,87.80000000000001,19.57118064459642,127.36305817773726,10.19656037153695
879,87.9,18.683213552967153,127.37974982298837,10.197228507945471
880,88.0,17.79501881227692,127.39566647065205,10.197865581827507
881,88.10000000000001,16.90660724489799,127.41080792678889,10.198471591242418
882,88.2,16.017989675845303,127.4251740069051,10.1990465343442
883,88.30000000000001,15.129176932643153,127.4387645359544,10.19959040938147
884,88.4,14.240179845194785,127.45157934834063,10.200103214697494
885,88.5,13.351009245648928,127.46361828791923,10.200584948730175
886,88.60000000000001,12.461675968268736,127.47488120799962,10.201035610012072
887,88.7,11.572190849299425,127.48536797134659,10.20145519717039
888,88.80000000000001,10.682564726836572,127.49507845018228,10.201843708926994
889,88.9,9.792808440693848,127.50401252618757,10.20220114409841
890,89.0,8.902932832270587,127.51217009050357,10.20252750159583
891,89.10000000000001,8.012948744420468,127.51955104373287,10.202822780425107
892,89.2,7.122867021318632,127.526155295941,10.203086979686779
893,89.30000000000001,6.232698508329755,127.53198276665707,10.20332009857604
894,89.4,5.3424540518767,127.53703338487531,10.203522136382775
895,89.5,4.452144499306999,127.54130708905555,10.203693092491543
896,89.60000000000001,3.5617806987615848,127.54480382712397,10.203832966381578
897,89.7,2.6713734990423856,127.54752355647396,10.203941757626803
898,89.80000000000001,1.7809337494799082,127.54946624396649,10.20401946589582
899,89.9,0.8904722998019483,127.5506318659305,10.204066090951914
900,90.0,3.124098977416717e-14,127.55102040816325,10.204081632653061
